record_id	seq	source:_feature_id	source:_organism	source:_original_id	source:_original_desc	source:_db_xref	taxonomy	feature_id	product	nuc_degen_prop	GC_content
denovo0	AAACTC...GGAAG	denovo0_source	Abramis brama	Abramis_brama	INBO_14-002283_(5)	taxon:38527	Eukaryota; Metazoa; Chordata; Craniata; Vertebrata; Euteleostomi; Actinopterygii; Neopterygii; Teleostei; Ostariophysi; Cypriniformes; Cyprinidae; Abramis	denovo0_f0	12S ribosomal RNA	0	49.2242595205
denovo84	CATGGT...AGCAA	denovo84_source	Abramis brama	Abramis_brama	EVO1	taxon:38527	Eukaryota; Metazoa; Chordata; Craniata; Vertebrata; Euteleostomi; Actinopterygii; Neopterygii; Teleostei; Ostariophysi; Cypriniformes; Cyprinidae; Abramis	denovo84_f0	12S ribosomal RNA	0	47.3509933775
denovo85	CATGGT...AGCAA	denovo85_source	Abramis brama	Abramis_brama	EVO2	taxon:38527	Eukaryota; Metazoa; Chordata; Craniata; Vertebrata; Euteleostomi; Actinopterygii; Neopterygii; Teleostei; Ostariophysi; Cypriniformes; Cyprinidae; Abramis	denovo85_f0	12S ribosomal RNA	0	47.2682119205
denovo1	AAACTC...GGAAG	denovo1_source	Alburnus alburnus	Alburnus_alburnus	INBO_14-002329_(2)	taxon:54556	Eukaryota; Metazoa; Chordata; Craniata; Vertebrata; Euteleostomi; Actinopterygii; Neopterygii; Teleostei; Ostariophysi; Cypriniformes; Cyprinidae; Alburnus	denovo1_f0	12S ribosomal RNA	0	49.4350282486
denovo2	AAACTC...GGAAG	denovo2_source	Alburnus alburnus	Alburnus_alburnus	INBO_15-000461	taxon:54556	Eukaryota; Metazoa; Chordata; Craniata; Vertebrata; Euteleostomi; Actinopterygii; Neopterygii; Teleostei; Ostariophysi; Cypriniformes; Cyprinidae; Alburnus	denovo2_f0	12S ribosomal RNA	0	49.5762711864
denovo3	AAACTC...GGAAG	denovo3_source	Alburnus alburnus	Alburnus_alburnus	INBO_15-003575	taxon:54556	Eukaryota; Metazoa; Chordata; Craniata; Vertebrata; Euteleostomi; Actinopterygii; Neopterygii; Teleostei; Ostariophysi; Cypriniformes; Cyprinidae; Alburnus	denovo3_f0	12S ribosomal RNA	0	49.5762711864
denovo4	AAATTC...GGAAG	denovo4_source	Ameiurus nebulosus	Ameiurus_nebulosus	INBO_14-015703_(3)	taxon:27778	Eukaryota; Metazoa; Chordata; Craniata; Vertebrata; Euteleostomi; Actinopterygii; Neopterygii; Teleostei; Ostariophysi; Siluriformes; Ictaluridae; Ameiurus	denovo4_f0	12S ribosomal RNA	0	46.3172804533
denovo95	GGCTTG...TCATT	denovo95_source	Ameiurus nebulosus	Ameiurus_nebulosus	EVO1	taxon:27778	Eukaryota; Metazoa; Chordata; Craniata; Vertebrata; Euteleostomi; Actinopterygii; Neopterygii; Teleostei; Ostariophysi; Siluriformes; Ictaluridae; Ameiurus	denovo95_f0	12S ribosomal RNA	0	46.1028192371
denovo5	AAACTC...GGAAG	denovo5_source	Anguilla anguilla	Anguilla_anguilla	INBO_14-002314	taxon:7936	Eukaryota; Metazoa; Chordata; Craniata; Vertebrata; Euteleostomi; Actinopterygii; Neopterygii; Teleostei; Anguilliformes; Anguillidae; Anguilla	denovo5_f0	12S ribosomal RNA	0	44.0967283073
denovo6	AAACTC...GGAAG	denovo6_source	Anguilla anguilla	Anguilla_anguilla	INBO_14-002347	taxon:7936	Eukaryota; Metazoa; Chordata; Craniata; Vertebrata; Euteleostomi; Actinopterygii; Neopterygii; Teleostei; Anguilliformes; Anguillidae; Anguilla	denovo6_f0	12S ribosomal RNA	0	44.3812233286
denovo7	AAACTC...GGAAG	denovo7_source	Anguilla anguilla	Anguilla_anguilla	INBO_14-004149	taxon:7936	Eukaryota; Metazoa; Chordata; Craniata; Vertebrata; Euteleostomi; Actinopterygii; Neopterygii; Teleostei; Anguilliformes; Anguillidae; Anguilla	denovo7_f0	12S ribosomal RNA	0	44.3812233286
denovo8	AAACTC...GGAAG	denovo8_source	Anguilla anguilla	Anguilla_anguilla	INBO_15-003589	taxon:7936	Eukaryota; Metazoa; Chordata; Craniata; Vertebrata; Euteleostomi; Actinopterygii; Neopterygii; Teleostei; Anguilliformes; Anguillidae; Anguilla	denovo8_f0	12S ribosomal RNA	0	44.301994302
denovo9	AAACTC...GGAAG	denovo9_source	Barbatula barbatula	Barbatula_barbatula	INBO_14-002312_(3)	taxon:135647	Eukaryota; Metazoa; Chordata; Craniata; Vertebrata; Euteleostomi; Actinopterygii; Neopterygii; Teleostei; Ostariophysi; Cypriniformes; Cobitoidea; Nemacheilidae; Barbatula	denovo9_f0	12S ribosomal RNA	0	50.2849002849
denovo81	GTCCTG...CACAG	denovo81_source	Barbatula barbatula	Barbatula_barbatula	EVO1	taxon:135647	Eukaryota; Metazoa; Chordata; Craniata; Vertebrata; Euteleostomi; Actinopterygii; Neopterygii; Teleostei; Ostariophysi; Cypriniformes; Cobitoidea; Nemacheilidae; Barbatula	denovo81_f0	12S ribosomal RNA	0	48.1605351171
denovo82	GTCCTG...CACAG	denovo82_source	Barbatula barbatula	Barbatula_barbatula	EVO2	taxon:135647	Eukaryota; Metazoa; Chordata; Craniata; Vertebrata; Euteleostomi; Actinopterygii; Neopterygii; Teleostei; Ostariophysi; Cypriniformes; Cobitoidea; Nemacheilidae; Barbatula	denovo82_f0	12S ribosomal RNA	0	48.2441471572
denovo83	GTCCTG...CACAG	denovo83_source	Barbatula barbatula	Barbatula_barbatula	EVO3	taxon:135647	Eukaryota; Metazoa; Chordata; Craniata; Vertebrata; Euteleostomi; Actinopterygii; Neopterygii; Teleostei; Ostariophysi; Cypriniformes; Cobitoidea; Nemacheilidae; Barbatula	denovo83_f0	12S ribosomal RNA	0	48.2441471572
denovo96	ACTATG...CCCCC	denovo96_source	Barbatula barbatula	Barbatula_barbatula	EVO_Windermere	taxon:135647	Eukaryota; Metazoa; Chordata; Craniata; Vertebrata; Euteleostomi; Actinopterygii; Neopterygii; Teleostei; Ostariophysi; Cypriniformes; Cobitoidea; Nemacheilidae; Barbatula	denovo96_f0	12S ribosomal RNA	0	52.8301886792
denovo10	AAACTC...GGAAG	denovo10_source	Barbus barbus	Barbus_barbus	INBO_14-002328_(2)	taxon:40830	Eukaryota; Metazoa; Chordata; Craniata; Vertebrata; Euteleostomi; Actinopterygii; Neopterygii; Teleostei; Ostariophysi; Cypriniformes; Cyprinidae; Barbus	denovo10_f0	12S ribosomal RNA	0	48.2269503546
denovo80	GGCATG...AGCAC	denovo80_source	Barbus barbus	Barbus_barbus	EVO1	taxon:40830	Eukaryota; Metazoa; Chordata; Craniata; Vertebrata; Euteleostomi; Actinopterygii; Neopterygii; Teleostei; Ostariophysi; Cypriniformes; Cyprinidae; Barbus	denovo80_f0	12S ribosomal RNA	0	47.4604496253
denovo11	AAACTC...GGAAG	denovo11_source	Blicca bjoerkna	Blicca_bjoerkna	INBO_14-002345_(3)	taxon:58317	Eukaryota; Metazoa; Chordata; Craniata; Vertebrata; Euteleostomi; Actinopterygii; Neopterygii; Teleostei; Ostariophysi; Cypriniformes; Cyprinidae; Blicca	denovo11_f0	12S ribosomal RNA	0	49.011299435
denovo12	AAACTC...GGAAG	denovo12_source	Cobitis taenia	Cobitis_taenia	INBO_14-015687	taxon:98395	Eukaryota; Metazoa; Chordata; Craniata; Vertebrata; Euteleostomi; Actinopterygii; Neopterygii; Teleostei; Ostariophysi; Cypriniformes; Cobitidae; Cobitinae; Cobitis	denovo12_f0	12S ribosomal RNA	0	46.8085106383
denovo94	GGTCCT...CCTAG	denovo94_source	Coregonus albula	Coregonus_albula	EVO1	taxon:36180	Eukaryota; Metazoa; Chordata; Craniata; Vertebrata; Euteleostomi; Actinopterygii; Neopterygii; Teleostei; Protacanthopterygii; Salmoniformes; Salmonidae; Coregoninae; Coregonus	denovo94_f0	12S ribosomal RNA	0	49.6234309623
denovo13	AAACTC...GGAAG	denovo13_source	Coregonus oxyrinchus	Coregonus_oxyrinchus	INBO_15-003577_(3)	taxon:348708	Eukaryota; Metazoa; Chordata; Craniata; Vertebrata; Euteleostomi; Actinopterygii; Neopterygii; Teleostei; Protacanthopterygii; Salmoniformes; Salmonidae; Coregoninae; Coregonus	denovo13_f0	12S ribosomal RNA	0	50
denovo14	AAACTC...GGAAG	denovo14_source	Cottus gobio	Cottus_gobio	INBO_14-002324	taxon:100952	Eukaryota; Metazoa; Chordata; Craniata; Vertebrata; Euteleostomi; Actinopterygii; Neopterygii; Teleostei; Neoteleostei; Acanthomorphata; Eupercaria; Perciformes; Cottioidei; Cottales; Cottidae; Cottus	denovo14_f0	12S ribosomal RNA	0	47.7011494253
denovo15	AAACTC...GGAAG	denovo15_source	Cottus gobio	Cottus_gobio	INBO_14-002332	taxon:100952	Eukaryota; Metazoa; Chordata; Craniata; Vertebrata; Euteleostomi; Actinopterygii; Neopterygii; Teleostei; Neoteleostei; Acanthomorphata; Eupercaria; Perciformes; Cottioidei; Cottales; Cottidae; Cottus	denovo15_f0	12S ribosomal RNA	0	48.0631276901
denovo16	AAACTC...GGAAG	denovo16_source	Cottus gobio	Cottus_gobio	INBO_14-002339	taxon:100952	Eukaryota; Metazoa; Chordata; Craniata; Vertebrata; Euteleostomi; Actinopterygii; Neopterygii; Teleostei; Neoteleostei; Acanthomorphata; Eupercaria; Perciformes; Cottioidei; Cottales; Cottidae; Cottus	denovo16_f0	12S ribosomal RNA	0.0014367816	47.9885057471
denovo17	AAACTC...GGAAG	denovo17_source	Cottus gobio	Cottus_gobio	INBO_16-001051	taxon:100952	Eukaryota; Metazoa; Chordata; Craniata; Vertebrata; Euteleostomi; Actinopterygii; Neopterygii; Teleostei; Neoteleostei; Acanthomorphata; Eupercaria; Perciformes; Cottioidei; Cottales; Cottidae; Cottus	denovo17_f0	12S ribosomal RNA	0	48.132183908
denovo18	AAACTC...GGAAG	denovo18_source	Cottus gobio	Cottus_gobio	INBO_16-001064	taxon:100952	Eukaryota; Metazoa; Chordata; Craniata; Vertebrata; Euteleostomi; Actinopterygii; Neopterygii; Teleostei; Neoteleostei; Acanthomorphata; Eupercaria; Perciformes; Cottioidei; Cottales; Cottidae; Cottus	denovo18_f0	12S ribosomal RNA	0	48.132183908
denovo93	AAGGCT...CTAAA	denovo93_source	Cottus gobio	Cottus_gobio	EVO1	taxon:100952	Eukaryota; Metazoa; Chordata; Craniata; Vertebrata; Euteleostomi; Actinopterygii; Neopterygii; Teleostei; Neoteleostei; Acanthomorphata; Eupercaria; Perciformes; Cottioidei; Cottales; Cottidae; Cottus	denovo93_f0	12S ribosomal RNA	0	47.5165562914
denovo19	AAACTC...GGAAG	denovo19_source	Ctenopharyngodon idella	Ctenopharyngodon_idella	INBO_16-000995_(2)	taxon:7959	Eukaryota; Metazoa; Chordata; Craniata; Vertebrata; Euteleostomi; Actinopterygii; Neopterygii; Teleostei; Ostariophysi; Cypriniformes; Cyprinidae; Ctenopharyngodon	denovo19_f0	12S ribosomal RNA	0	49.2957746479
denovo20	AAACTC...GGAAG	denovo20_source	Cyprinus carpio	Cyprinus_carpio	INBO_14-002337_carpio	taxon:7962	Eukaryota; Metazoa; Chordata; Craniata; Vertebrata; Euteleostomi; Actinopterygii; Neopterygii; Teleostei; Ostariophysi; Cypriniformes; Cyprinidae; Cyprinus	denovo20_f0	12S ribosomal RNA	0	47.8014184397
denovo79	GGCATG...TAAAA	denovo79_source	Cyprinus carpio	Cyprinus_carpio	EVO1	taxon:7962	Eukaryota; Metazoa; Chordata; Craniata; Vertebrata; Euteleostomi; Actinopterygii; Neopterygii; Teleostei; Ostariophysi; Cypriniformes; Cyprinidae; Cyprinus	denovo79_f0	12S ribosomal RNA	0	46.357615894
denovo21	AAACTC...GGAAG	denovo21_source	Esox lucius	Esox_lucius	INBO_14-002346_(4)	taxon:8010	Eukaryota; Metazoa; Chordata; Craniata; Vertebrata; Euteleostomi; Actinopterygii; Neopterygii; Teleostei; Protacanthopterygii; Esociformes; Esocidae; Esox	denovo21_f0	12S ribosomal RNA	0	44.6043165468
denovo77	TGACCT...TGAAA	denovo77_source	Esox lucius	Esox_lucius	EVO1	taxon:8010	Eukaryota; Metazoa; Chordata; Craniata; Vertebrata; Euteleostomi; Actinopterygii; Neopterygii; Teleostei; Protacanthopterygii; Esociformes; Esocidae; Esox	denovo77_f0	12S ribosomal RNA	0	44.4632290786
denovo78	TGACCT...TGAAA	denovo78_source	Esox lucius	Esox_lucius	EVO2	taxon:8010	Eukaryota; Metazoa; Chordata; Craniata; Vertebrata; Euteleostomi; Actinopterygii; Neopterygii; Teleostei; Protacanthopterygii; Esociformes; Esocidae; Esox	denovo78_f0	12S ribosomal RNA	0	44.6322907861
denovo98	ACTATG...CCCAC	denovo98_source	Esox lucius	Esox_lucius	EVO_Windermere	taxon:8010	Eukaryota; Metazoa; Chordata; Craniata; Vertebrata; Euteleostomi; Actinopterygii; Neopterygii; Teleostei; Protacanthopterygii; Esociformes; Esocidae; Esox	denovo98_f0	12S ribosomal RNA	0	40.9523809524
denovo22	AAACTC...GGAAG	denovo22_source	Gasterosteus aculeatus	Gasterosteus_aculeatus	INBO_14-002313	taxon:69293	Eukaryota; Metazoa; Chordata; Craniata; Vertebrata; Euteleostomi; Actinopterygii; Neopterygii; Teleostei; Neoteleostei; Acanthomorphata; Eupercaria; Perciformes; Cottioidei; Gasterosteales; Gasterosteidae; Gasterosteus	denovo22_f0	12S ribosomal RNA	0	46.5616045845
denovo23	AAACTC...GGAAG	denovo23_source	Gasterosteus aculeatus	Gasterosteus_aculeatus	INBO_14-002338	taxon:69293	Eukaryota; Metazoa; Chordata; Craniata; Vertebrata; Euteleostomi; Actinopterygii; Neopterygii; Teleostei; Neoteleostei; Acanthomorphata; Eupercaria; Perciformes; Cottioidei; Gasterosteales; Gasterosteidae; Gasterosteus	denovo23_f0	12S ribosomal RNA	0	46.4183381089
denovo24	AAACTC...GGAAG	denovo24_source	Gobio gobio	Gobio_gobio	INBO_14-002322_(3)	taxon:27704	Eukaryota; Metazoa; Chordata; Craniata; Vertebrata; Euteleostomi; Actinopterygii; Neopterygii; Teleostei; Ostariophysi; Cypriniformes; Cyprinidae; Gobio	denovo24_f0	12S ribosomal RNA	0	48.8045007032
denovo75	CATGGT...AGCAC	denovo75_source	Gobio gobio	Gobio_gobio	EVO1	taxon:27704	Eukaryota; Metazoa; Chordata; Craniata; Vertebrata; Euteleostomi; Actinopterygii; Neopterygii; Teleostei; Ostariophysi; Cypriniformes; Cyprinidae; Gobio	denovo75_f0	12S ribosomal RNA	0	47.5247524752
denovo76	CATGGT...AGCAC	denovo76_source	Gobio gobio	Gobio_gobio	EVO2	taxon:27704	Eukaryota; Metazoa; Chordata; Craniata; Vertebrata; Euteleostomi; Actinopterygii; Neopterygii; Teleostei; Ostariophysi; Cypriniformes; Cyprinidae; Gobio	denovo76_f0	12S ribosomal RNA	0	47.4337748344
denovo25	AAACTC...GGAAG	denovo25_source	Gymnocephalus cernua	Gymnocephalus_cernua	INBO_14-002310_(4)	taxon:57865	Eukaryota; Metazoa; Chordata; Craniata; Vertebrata; Euteleostomi; Actinopterygii; Neopterygii; Teleostei; Neoteleostei; Acanthomorphata; Eupercaria; Perciformes; Percoidei; Percidae; Percinae; Gymnocephalus	denovo25_f0	12S ribosomal RNA	0	47.4964234621
denovo26	AAACTC...GGAAG	denovo26_source	Gymnocephalus cernua	Gymnocephalus_cernua	INBO_15-000441	taxon:57865	Eukaryota; Metazoa; Chordata; Craniata; Vertebrata; Euteleostomi; Actinopterygii; Neopterygii; Teleostei; Neoteleostei; Acanthomorphata; Eupercaria; Perciformes; Percoidei; Percidae; Percinae; Gymnocephalus	denovo26_f0	12S ribosomal RNA	0	47.3533619456
denovo92	GTATCC...GAAAT	denovo92_source	Gymnocephalus cernua	Gymnocephalus_cernua	EVO1	taxon:57865	Eukaryota; Metazoa; Chordata; Craniata; Vertebrata; Euteleostomi; Actinopterygii; Neopterygii; Teleostei; Neoteleostei; Acanthomorphata; Eupercaria; Perciformes; Percoidei; Percidae; Percinae; Gymnocephalus	denovo92_f0	12S ribosomal RNA	0	46.9370146678
denovo27	AACCTC...GGAAG	denovo27_source	Lampetra planeri	Lampetra_planeri	INBO_14-002259_(3)	taxon:7750	Eukaryota; Metazoa; Chordata; Craniata; Vertebrata; Cyclostomata; Hyperoartia; Petromyzontiformes; Petromyzontidae; Lampetra	denovo27_f0	12S ribosomal RNA	0	46.8085106383
denovo28	AAACTC...GGAAG	denovo28_source	Lepomis gibbosus	Lepomis_gibbosus	INBO_14-015701	taxon:270329	Eukaryota; Metazoa; Chordata; Craniata; Vertebrata; Euteleostomi; Actinopterygii; Neopterygii; Teleostei; Neoteleostei; Acanthomorphata; Eupercaria; Centrarchiformes; Centrarchoidei; Centrarchidae; Lepomis	denovo28_f0	12S ribosomal RNA	0	47.782546495
denovo29	AAACTC...GGAAG	denovo29_source	Lepomis gibbosus	Lepomis_gibbosus	INBO_15-000431	taxon:270329	Eukaryota; Metazoa; Chordata; Craniata; Vertebrata; Euteleostomi; Actinopterygii; Neopterygii; Teleostei; Neoteleostei; Acanthomorphata; Eupercaria; Centrarchiformes; Centrarchoidei; Centrarchidae; Lepomis	denovo29_f0	12S ribosomal RNA	0	47.7077363897
denovo30	AAACTC...GGAAG	denovo30_source	Lepomis gibbosus	Lepomis_gibbosus	INBO_15-000450_(2)	taxon:270329	Eukaryota; Metazoa; Chordata; Craniata; Vertebrata; Euteleostomi; Actinopterygii; Neopterygii; Teleostei; Neoteleostei; Acanthomorphata; Eupercaria; Centrarchiformes; Centrarchoidei; Centrarchidae; Lepomis	denovo30_f0	12S ribosomal RNA	0	47.6394849785
denovo91	GAATGC...AGGGA	denovo91_source	Lepomis gibbosus	Lepomis_gibbosus	EVO1	taxon:270329	Eukaryota; Metazoa; Chordata; Craniata; Vertebrata; Euteleostomi; Actinopterygii; Neopterygii; Teleostei; Neoteleostei; Acanthomorphata; Eupercaria; Centrarchiformes; Centrarchoidei; Centrarchidae; Lepomis	denovo91_f0	12S ribosomal RNA	0	47.3588342441
denovo31	AAACTC...GGAAG	denovo31_source	Leucaspius delineatus	Leucaspius_delineatus	INBO_14-015715_(5)	taxon:58323	Eukaryota; Metazoa; Chordata; Craniata; Vertebrata; Euteleostomi; Actinopterygii; Neopterygii; Teleostei; Ostariophysi; Cypriniformes; Cyprinidae; Leucaspius	denovo31_f0	12S ribosomal RNA	0	50
denovo32	AAACTC...GGAAG	denovo32_source	Leuciscus idus	Leuciscus_idus	INBO_14-002281_(4)	taxon:69811	Eukaryota; Metazoa; Chordata; Craniata; Vertebrata; Euteleostomi; Actinopterygii; Neopterygii; Teleostei; Ostariophysi; Cypriniformes; Cyprinidae; Leuciscus	denovo32_f0	12S ribosomal RNA	0	49.5762711864
denovo33	TAAAGG...AAATT	denovo33_source	Leuciscus leuciscus	Leuciscus_leuciscus	INBO_14-015673	taxon:58325	Eukaryota; Metazoa; Chordata; Craniata; Vertebrata; Euteleostomi; Actinopterygii; Neopterygii; Teleostei; Ostariophysi; Cypriniformes; Cyprinidae; Leuciscus	denovo33_f0	12S ribosomal RNA	0	49.9478623566
denovo34	TAAAGG...AAATT	denovo34_source	Leuciscus leuciscus	Leuciscus_leuciscus	INBO_16-001067	taxon:58325	Eukaryota; Metazoa; Chordata; Craniata; Vertebrata; Euteleostomi; Actinopterygii; Neopterygii; Teleostei; Ostariophysi; Cypriniformes; Cyprinidae; Leuciscus	denovo34_f0	12S ribosomal RNA	0	50.0521376434
denovo88	AAGGCA...CAATG	denovo88_source	Leuciscus leuciscus	Leuciscus_leuciscus	EVO1	taxon:58325	Eukaryota; Metazoa; Chordata; Craniata; Vertebrata; Euteleostomi; Actinopterygii; Neopterygii; Teleostei; Ostariophysi; Cypriniformes; Cyprinidae; Leuciscus	denovo88_f0	12S ribosomal RNA	0	47.6935749588
denovo35	GCAGTT...GGAAG	denovo35_source	Lota lota	Lota_lota	INBO_14-015661	taxon:69944	Eukaryota; Metazoa; Chordata; Craniata; Vertebrata; Euteleostomi; Actinopterygii; Neopterygii; Teleostei; Neoteleostei; Acanthomorphata; Zeiogadaria; Gadariae; Gadiformes; Gadoidei; Lotidae; Lota	denovo35_f0	12S ribosomal RNA	0	44.5193929174
denovo36	AAACTC...GGAAG	denovo36_source	Misgurnus bipartitus	Misgurnus_bipartitus	INBO_16-001026	taxon:341117	Eukaryota; Metazoa; Chordata; Craniata; Vertebrata; Euteleostomi; Actinopterygii; Neopterygii; Teleostei; Ostariophysi; Cypriniformes; Cobitidae; Cobitinae; Misgurnus	denovo36_f0	12S ribosomal RNA	0	47.226173542
denovo37	AAACTC...GGAAG	denovo37_source	Misgurnus bipartitus	Misgurnus_bipartitus	INBO_16-001027_	taxon:341117	Eukaryota; Metazoa; Chordata; Craniata; Vertebrata; Euteleostomi; Actinopterygii; Neopterygii; Teleostei; Ostariophysi; Cypriniformes; Cobitidae; Cobitinae; Misgurnus	denovo37_f0	12S ribosomal RNA	0	47.1590909091
denovo38	AAACTC...GGAAG	denovo38_source	Misgurnus fossilis	Misgurnus_fossilis	INBO_16-001715_(2)	taxon:7984	Eukaryota; Metazoa; Chordata; Craniata; Vertebrata; Euteleostomi; Actinopterygii; Neopterygii; Teleostei; Ostariophysi; Cypriniformes; Cobitidae; Cobitinae; Misgurnus	denovo38_f0	12S ribosomal RNA	0	48.2269503546
denovo39	AAACTC...GGAAG	denovo39_source	Misgurnus fossilis	Misgurnus_fossilis	INBO_16-001717	taxon:7984	Eukaryota; Metazoa; Chordata; Craniata; Vertebrata; Euteleostomi; Actinopterygii; Neopterygii; Teleostei; Ostariophysi; Cypriniformes; Cobitidae; Cobitinae; Misgurnus	denovo39_f0	12S ribosomal RNA	0	48.3002832861
denovo40	AAACTC...GGAAG	denovo40_source	Neogobius fluviatilis	Neogobius_fluviatilis	INBO_16-001030_(2)	taxon:320562	Eukaryota; Metazoa; Chordata; Craniata; Vertebrata; Euteleostomi; Actinopterygii; Neopterygii; Teleostei; Neoteleostei; Acanthomorphata; Gobiaria; Gobiiformes; Gobioidei; Gobiidae; Benthophilinae; Neogobiini; Neogobius	denovo40_f0	12S ribosomal RNA	0	48.4104046243
denovo41	AATCTC...GGAAG	denovo41_source	Osmerus eperlanus	Osmerus_eperlanus	INBO_14-002249	taxon:29151	Eukaryota; Metazoa; Chordata; Craniata; Vertebrata; Euteleostomi; Actinopterygii; Neopterygii; Teleostei; Stomiatii; Osmeriformes; Osmeridae; Osmerus	denovo41_f0	12S ribosomal RNA	0	49.0674318508
denovo42	AATCTC...GGAAG	denovo42_source	Osmerus eperlanus	Osmerus_eperlanus	INBO_14-002250	taxon:29151	Eukaryota; Metazoa; Chordata; Craniata; Vertebrata; Euteleostomi; Actinopterygii; Neopterygii; Teleostei; Stomiatii; Osmeriformes; Osmeridae; Osmerus	denovo42_f0	12S ribosomal RNA	0	49.2109038737
denovo43	AAACTC...GGAAG	denovo43_source	Perca fluviatilis	Perca_fluviatilis	INBO_14-002263_(8)	taxon:8168	Eukaryota; Metazoa; Chordata; Craniata; Vertebrata; Euteleostomi; Actinopterygii; Neopterygii; Teleostei; Neoteleostei; Acanthomorphata; Eupercaria; Perciformes; Percoidei; Percidae; Percinae; Perca	denovo43_f0	12S ribosomal RNA	0	48.5673352436
denovo87	ATTTAG...TGAAA	denovo87_source	Perca fluviatilis	Perca_fluviatilis	EVO2	taxon:8168	Eukaryota; Metazoa; Chordata; Craniata; Vertebrata; Euteleostomi; Actinopterygii; Neopterygii; Teleostei; Neoteleostei; Acanthomorphata; Eupercaria; Perciformes; Percoidei; Percidae; Percinae; Perca	denovo87_f0	12S ribosomal RNA	0	46.9651741294
denovo44	AAACTC...GGAAG	denovo44_source	Platichthys flesus	Platichthys_flesus	INBO_14-002252_(3)	taxon:8260	Eukaryota; Metazoa; Chordata; Craniata; Vertebrata; Euteleostomi; Actinopterygii; Neopterygii; Teleostei; Neoteleostei; Acanthomorphata; Carangaria; Pleuronectiformes; Pleuronectoidei; Pleuronectidae; Platichthys	denovo44_f0	12S ribosomal RNA	0	48.4285714286
denovo45	AAACTC...GGAAG	denovo45_source	Platichthys flesus	Platichthys_flesus	INBO_14-002254	taxon:8260	Eukaryota; Metazoa; Chordata; Craniata; Vertebrata; Euteleostomi; Actinopterygii; Neopterygii; Teleostei; Neoteleostei; Acanthomorphata; Carangaria; Pleuronectiformes; Pleuronectoidei; Pleuronectidae; Platichthys	denovo45_f0	12S ribosomal RNA	0	48.2857142857
denovo46	AAACTC...GGAAG	denovo46_source	Pomatoschistus minutus	Pomatoschistus_minutus	INBO_14-002267_(2)	taxon:13225	Eukaryota; Metazoa; Chordata; Craniata; Vertebrata; Euteleostomi; Actinopterygii; Neopterygii; Teleostei; Neoteleostei; Acanthomorphata; Gobiaria; Gobiiformes; Gobioidei; Gobiidae; Gobiinae; Pomatoschistus	denovo46_f0	12S ribosomal RNA	0	49.1428571429
denovo47	AAACTC...GGAAG	denovo47_source	Pomatoschistus minutus	Pomatoschistus_minutus	INBO_14-002270	taxon:13225	Eukaryota; Metazoa; Chordata; Craniata; Vertebrata; Euteleostomi; Actinopterygii; Neopterygii; Teleostei; Neoteleostei; Acanthomorphata; Gobiaria; Gobiiformes; Gobioidei; Gobiidae; Gobiinae; Pomatoschistus	denovo47_f0	12S ribosomal RNA	0	49.1428571429
denovo48	AAACTC...GGAAG	denovo48_source	Ponticola kessleri	Ponticola_kessleri	INBO_16-001012_(3)	taxon:320565	Eukaryota; Metazoa; Chordata; Craniata; Vertebrata; Euteleostomi; Actinopterygii; Neopterygii; Teleostei; Neoteleostei; Acanthomorphata; Gobiaria; Gobiiformes; Gobioidei; Gobiidae; Benthophilinae; Ponticolini; Ponticola	denovo48_f0	12S ribosomal RNA	0	47.9768786127
denovo49	AAACTC...GGAAG	denovo49_source	Ponticola kessleri	Ponticola_kessleri	INBO_16-001015	taxon:320565	Eukaryota; Metazoa; Chordata; Craniata; Vertebrata; Euteleostomi; Actinopterygii; Neopterygii; Teleostei; Neoteleostei; Acanthomorphata; Gobiaria; Gobiiformes; Gobioidei; Gobiidae; Benthophilinae; Ponticolini; Ponticola	denovo49_f0	12S ribosomal RNA	0	48.1213872832
denovo50	AAACTC...GGAAG	denovo50_source	Pseudorasbora parva	Pseudorasbora_parva	INBO_14-002333_(2)	taxon:51549	Eukaryota; Metazoa; Chordata; Craniata; Vertebrata; Euteleostomi; Actinopterygii; Neopterygii; Teleostei; Ostariophysi; Cypriniformes; Cyprinidae; Pseudorasbora	denovo50_f0	12S ribosomal RNA	0	48.4507042254
denovo51	AAACTC...GGAAG	denovo51_source	Pseudorasbora parva	Pseudorasbora_parva	INBO_15-000430_(2)	taxon:51549	Eukaryota; Metazoa; Chordata; Craniata; Vertebrata; Euteleostomi; Actinopterygii; Neopterygii; Teleostei; Ostariophysi; Cypriniformes; Cyprinidae; Pseudorasbora	denovo51_f0	12S ribosomal RNA	0	48.3098591549
denovo73	GGCATG...AGCAC	denovo73_source	Pseudorasbora parva	Pseudorasbora_parva	EVO1	taxon:51549	Eukaryota; Metazoa; Chordata; Craniata; Vertebrata; Euteleostomi; Actinopterygii; Neopterygii; Teleostei; Ostariophysi; Cypriniformes; Cyprinidae; Pseudorasbora	denovo73_f0	12S ribosomal RNA	0	46.440397351
denovo74	GGCATG...AGCAC	denovo74_source	Pseudorasbora parva	Pseudorasbora_parva	EVO2	taxon:51549	Eukaryota; Metazoa; Chordata; Craniata; Vertebrata; Euteleostomi; Actinopterygii; Neopterygii; Teleostei; Ostariophysi; Cypriniformes; Cyprinidae; Pseudorasbora	denovo74_f0	12S ribosomal RNA	0	46.2748344371
denovo52	AAACTC...GGAAG	denovo52_source	Pungitius pungitius	Pungitius_pungitius	INBO_14-002289_(3)	taxon:134920	Eukaryota; Metazoa; Chordata; Craniata; Vertebrata; Euteleostomi; Actinopterygii; Neopterygii; Teleostei; Neoteleostei; Acanthomorphata; Eupercaria; Perciformes; Cottioidei; Gasterosteales; Gasterosteidae; Pungitius	denovo52_f0	12S ribosomal RNA	0	46.9153515065
denovo72	GGCTTG...AGCAG	denovo72_source	Pungitius pungitius	Pungitius_pungitius	EVO1	taxon:134920	Eukaryota; Metazoa; Chordata; Craniata; Vertebrata; Euteleostomi; Actinopterygii; Neopterygii; Teleostei; Neoteleostei; Acanthomorphata; Eupercaria; Perciformes; Cottioidei; Gasterosteales; Gasterosteidae; Pungitius	denovo72_f0	12S ribosomal RNA	0	46.1092715232
denovo97	ACTATG...TCCAC	denovo97_source	Pungitius pungitius	Pungitius_pungitius	EVO_Windermere	taxon:134920	Eukaryota; Metazoa; Chordata; Craniata; Vertebrata; Euteleostomi; Actinopterygii; Neopterygii; Teleostei; Neoteleostei; Acanthomorphata; Eupercaria; Perciformes; Cottioidei; Gasterosteales; Gasterosteidae; Pungitius	denovo97_f0	12S ribosomal RNA	0	47.1698113208
denovo53	AAACTC...GGAAG	denovo53_source	Rhodeus amarus	Rhodeus_amarus	INBO_14-002331	taxon:98397	Eukaryota; Metazoa; Chordata; Craniata; Vertebrata; Euteleostomi; Actinopterygii; Neopterygii; Teleostei; Ostariophysi; Cypriniformes; Cyprinidae; Rhodeus	denovo53_f0	12S ribosomal RNA	0	49.3635077793
denovo54	AAACTC...GGAAG	denovo54_source	Rhodeus amarus	Rhodeus_amarus	INBO_15-000485	taxon:98397	Eukaryota; Metazoa; Chordata; Craniata; Vertebrata; Euteleostomi; Actinopterygii; Neopterygii; Teleostei; Ostariophysi; Cypriniformes; Cyprinidae; Rhodeus	denovo54_f0	12S ribosomal RNA	0	49.3635077793
denovo55	AAACTC...GGAAG	denovo55_source	Rutilus rutilus	Rutilus_rutilus	INBO_14-002298_(2)	taxon:48668	Eukaryota; Metazoa; Chordata; Craniata; Vertebrata; Euteleostomi; Actinopterygii; Neopterygii; Teleostei; Ostariophysi; Cypriniformes; Cyprinidae; Rutilus	denovo55_f0	12S ribosomal RNA	0	48.9421720733
denovo56	AAACTC...GGAAG	denovo56_source	Rutilus rutilus	Rutilus_rutilus	INBO_14-002303	taxon:48668	Eukaryota; Metazoa; Chordata; Craniata; Vertebrata; Euteleostomi; Actinopterygii; Neopterygii; Teleostei; Ostariophysi; Cypriniformes; Cyprinidae; Rutilus	denovo56_f0	12S ribosomal RNA	0	48.8011283498
denovo57	AAACTC...GGAAG	denovo57_source	Salmo trutta	Salmo_trutta	INBO_16-001718_(2)_fario	taxon:8032	Eukaryota; Metazoa; Chordata; Craniata; Vertebrata; Euteleostomi; Actinopterygii; Neopterygii; Teleostei; Protacanthopterygii; Salmoniformes; Salmonidae; Salmoninae; Salmo	denovo57_f0	12S ribosomal RNA	0	49.5714285714
denovo58	AAACTC...GGAAG	denovo58_source	Salmo trutta	Salmo_trutta	INBO_16-001719_(2)_fario	taxon:8032	Eukaryota; Metazoa; Chordata; Craniata; Vertebrata; Euteleostomi; Actinopterygii; Neopterygii; Teleostei; Protacanthopterygii; Salmoniformes; Salmonidae; Salmoninae; Salmo	denovo58_f0	12S ribosomal RNA	0	49.4285714286
denovo71	GGCTTG...AGCAG	denovo71_source	Salmo trutta	Salmo_trutta	EVO1	taxon:8032	Eukaryota; Metazoa; Chordata; Craniata; Vertebrata; Euteleostomi; Actinopterygii; Neopterygii; Teleostei; Protacanthopterygii; Salmoniformes; Salmonidae; Salmoninae; Salmo	denovo71_f0	12S ribosomal RNA	0	48.6754966887
denovo59	AAACTC...GGAAG	denovo59_source	Sander lucioperca	Sander_lucioperca	INBO_14-002276_(2)	taxon:283035	Eukaryota; Metazoa; Chordata; Craniata; Vertebrata; Euteleostomi; Actinopterygii; Neopterygii; Teleostei; Neoteleostei; Acanthomorphata; Eupercaria; Perciformes; Percoidei; Percidae; Luciopercinae; Sander	denovo59_f0	12S ribosomal RNA	0	48.350071736
denovo60	AAACTC...GGAAG	denovo60_source	Scardinius erythrophthalmus	Scardinius_erythrophthalmus	INBO_14-002302_(7)	taxon:58319	Eukaryota; Metazoa; Chordata; Craniata; Vertebrata; Euteleostomi; Actinopterygii; Neopterygii; Teleostei; Ostariophysi; Cypriniformes; Cyprinidae; Scardinius	denovo60_f0	12S ribosomal RNA	0	50.2824858757
denovo86	TTGACT...GCAAT	denovo86_source	Scardinius erythrophthalmus	Scardinius_erythrophthalmus	EVO1	taxon:58319	Eukaryota; Metazoa; Chordata; Craniata; Vertebrata; Euteleostomi; Actinopterygii; Neopterygii; Teleostei; Ostariophysi; Cypriniformes; Cyprinidae; Scardinius	denovo86_f0	12S ribosomal RNA	0	47.0355731225
denovo61	AAATTC...GGAAG	denovo61_source	Silurus glanis	Silurus_glanis	INBO_14-015711_(4)	taxon:94993	Eukaryota; Metazoa; Chordata; Craniata; Vertebrata; Euteleostomi; Actinopterygii; Neopterygii; Teleostei; Ostariophysi; Siluriformes; Siluridae; Silurus	denovo61_f0	12S ribosomal RNA	0	45.9574468085
denovo62	AAACTC...GGAAA	denovo62_source	Solea solea	Solea_solea	INBO_14-002315	taxon:90069	Eukaryota; Metazoa; Chordata; Craniata; Vertebrata; Euteleostomi; Actinopterygii; Neopterygii; Teleostei; Neoteleostei; Acanthomorphata; Carangaria; Pleuronectiformes; Pleuronectoidei; Soleidae; Solea	denovo62_f0	12S ribosomal RNA	0	46.208869814
denovo63	AAACTC...GGAAA	denovo63_source	Solea solea	Solea_solea	INBO_14-015697_(2)	taxon:90069	Eukaryota; Metazoa; Chordata; Craniata; Vertebrata; Euteleostomi; Actinopterygii; Neopterygii; Teleostei; Neoteleostei; Acanthomorphata; Carangaria; Pleuronectiformes; Pleuronectoidei; Soleidae; Solea	denovo63_f0	12S ribosomal RNA	0	46.0658082976
denovo64	AAACTC...GGAAG	denovo64_source	Squalius cephalus	Squalius_cephalus	INBO_14-002308_(3)	taxon:8284	Eukaryota; Metazoa; Chordata; Craniata; Vertebrata; Euteleostomi; Actinopterygii; Neopterygii; Teleostei; Ostariophysi; Cypriniformes; Cyprinidae; Squalius	denovo64_f0	12S ribosomal RNA	0	48.9421720733
denovo89	GCATGG...AAGCA	denovo89_source	Squalius cephalus	Squalius_cephalus	EVO1	taxon:8284	Eukaryota; Metazoa; Chordata; Craniata; Vertebrata; Euteleostomi; Actinopterygii; Neopterygii; Teleostei; Ostariophysi; Cypriniformes; Cyprinidae; Squalius	denovo89_f0	12S ribosomal RNA	0	47.3073736537
denovo90	GCATGG...AAGCA	denovo90_source	Squalius cephalus	Squalius_cephalus	EVO2	taxon:8284	Eukaryota; Metazoa; Chordata; Craniata; Vertebrata; Euteleostomi; Actinopterygii; Neopterygii; Teleostei; Ostariophysi; Cypriniformes; Cyprinidae; Squalius	denovo90_f0	12S ribosomal RNA	0	47.3902236951
denovo65	AAACTC...GGAAG	denovo65_source	Thymallus thymallus	Thymallus_thymallus	INBO_16-001058	taxon:36185	Eukaryota; Metazoa; Chordata; Craniata; Vertebrata; Euteleostomi; Actinopterygii; Neopterygii; Teleostei; Protacanthopterygii; Salmoniformes; Salmonidae; Thymallinae; Thymallus	denovo65_f0	12S ribosomal RNA	0	49.2131616595
denovo66	AAACTC...GGAAG	denovo66_source	Tinca tinca	Tinca_tinca	INBO_14-015716_(5)	taxon:27717	Eukaryota; Metazoa; Chordata; Craniata; Vertebrata; Euteleostomi; Actinopterygii; Neopterygii; Teleostei; Ostariophysi; Cypriniformes; Cyprinidae; Tinca	denovo66_f0	12S ribosomal RNA	0	48.8732394366
denovo67	AAACTC...GGAAG	denovo67_source	Tinca tinca	Tinca_tinca	INBO_15-003583	taxon:27717	Eukaryota; Metazoa; Chordata; Craniata; Vertebrata; Euteleostomi; Actinopterygii; Neopterygii; Teleostei; Ostariophysi; Cypriniformes; Cyprinidae; Tinca	denovo67_f0	12S ribosomal RNA	0	49.014084507
denovo69	CATGGT...GCACT	denovo69_source	Tinca tinca	Tinca_tinca	EVO1	taxon:27717	Eukaryota; Metazoa; Chordata; Craniata; Vertebrata; Euteleostomi; Actinopterygii; Neopterygii; Teleostei; Ostariophysi; Cypriniformes; Cyprinidae; Tinca	denovo69_f0	12S ribosomal RNA	0	47.2291149711
denovo70	CATGGT...GCACT	denovo70_source	Tinca tinca	Tinca_tinca	EVO2	taxon:27717	Eukaryota; Metazoa; Chordata; Craniata; Vertebrata; Euteleostomi; Actinopterygii; Neopterygii; Teleostei; Ostariophysi; Cypriniformes; Cyprinidae; Tinca	denovo70_f0	12S ribosomal RNA	0	47.3945409429
denovo68	AAACTC...GGAAG	denovo68_source	Umbra pygmaea	Umbra_pygmaea	INBO_15-000445_(3)	taxon:75934	Eukaryota; Metazoa; Chordata; Craniata; Vertebrata; Euteleostomi; Actinopterygii; Neopterygii; Teleostei; Protacanthopterygii; Esociformes; Umbridae; Umbra	denovo68_f0	12S ribosomal RNA	0	46.3309352518
